note,start,end,pitch
G5,0.08852607709750568,0.3453968253968254,"[775.1095834682724, 775.250057113575, 774.25788783258, 769.7138343260609, 763.8150737712999, 766.222311791675, 771.3725388059012, 775.0292480361343, 777.3108106928453, 778.4585289253731, 779.9294082427405, 783.2386209526762, 786.6928981504841, 787.5789965752177, 785.9431782844241, 784.2746999541122, 783.6973423516904, 783.6916790478147, 783.5404910244949, 783.2189381137748, 783.1142076201671, 783.2843205355928, 783.4185878736778, 783.2986285001879, 783.1041089752426, 782.9610634495567, 782.5386010902033, 781.3119178782147, 779.0973259177514, 776.7794798642847, 774.6214347251292, 767.0124923368558, 757.9141417382924, 773.2448405149116, 778.6717796061854, 779.4442324538616, 779.156435608093, 779.8904225396828, 782.0460381824932, 782.485524383937, 781.0466268801113, 780.1797429334728, 783.1252692844895, 784.7899905497779, 782.6705669383667, 779.100140056661, 775.6509461100094, 786.6927908962118]"
B-5,0.21913832199546485,0.4182932515729297,"[nan, nan, nan, 905.1546428748445, 913.3801977284205, 920.0524865375843, 923.7979867020574, 926.917304326699, 930.5094671197224, 933.5208709849276, 933.9770938868779, 932.9158308345316, 932.7845950014986, 933.3926319414932, 933.3014371526066, 933.0398452521831, 933.5863107922462, 934.230193243745, 934.3515840274664, 934.7995636330586, 936.1799267023777, 937.9765827015086, 939.0031081888445, 938.8686285082028, 939.1136478544631, 941.5990654310912, 946.3357135918266, 949.7339560746339, 950.4323696171634, 946.2826200128787, 939.6295554197266, 933.7477648060249, 929.9426322144619, 931.3550830708741, 933.5244444107992, 930.8204590961828]"
G5,0.3453968253968254,0.5514739229024944,"[796.9862993783253, 787.8595810212347, 807.5602906164039, 800.4808289471515, 787.4245661721291, 782.4244466219664, 781.8623493859444, 782.518917602353, 782.8739814755426, 783.1110447500313, 783.7710784551931, 784.3724411679337, 784.4304305055663, 784.1947500043236, 784.3065576818327, 784.6888721174745, 784.6416875931001, 783.9544888378709, 783.2852706998334, 783.4093068851421, 783.7027846903628, 783.1015988631568, 781.7672096436773, 781.5153721521655, 782.6798397407381, 781.8108668068367, 779.0360679088235, 780.6843961255257, 784.6975689274682, 776.4064755266772, 764.8441722518337, 776.4298420292027, 772.9246204981303, 769.2060158966331, 778.0504664562836, 776.2681533086042, 768.518075555955, 779.6232722200355]"
